Date,Week,AwayTeam,HomeTeam,AwayScore,HomeScore,PointSpread,ForecastDescription,ForecastTempLow,ForecastWindSpeed,Home_PlayerCount,Home_TotalExperience,Home_AvgAge,Home_AvgHeightIN,Away_PlayerCount,Away_TotalExperience,Away_AvgAge,Away_AvgHeightIN,HomeWin,Home_Week,Home_Team,Home_Opponent,Home_TeamScore,Home_OpponentScore,Home_IsHome,Home_AvgPointsScored_Last5,Home_AvgPointsAllowed_Last5,Home_RollingPointDiff_Last5,Home_Win,Home_RollingWinRate_Last5,Away_Week,Away_Team,Away_Opponent,Away_TeamScore,Away_OpponentScore,Away_IsHome,Away_AvgPointsScored_Last5,Away_AvgPointsAllowed_Last5,Away_RollingPointDiff_Last5,Away_Win,Away_RollingWinRate_Last5,ExperienceDiff,AgeDiff,HeightDiff,PlayerCountDiff,RollingPointDiff_Last5,RollingWinRateDiff_Last5
2025-09-11T20:15:00,2,WAS,GB,30,45,-5.0,Few Clouds,57,1,72,395,26,76,79,636,29,76,1,2,GB,WAS,45,30,1,45.0,22.0,23.0,1,1.0,2,WAS,GB,30,45,0,35.0,16.0,19.0,0,1.0,-241,-3,0,-7,4.0,0.0
2025-09-14T13:00:00,2,CLE,BAL,28,68,-20.7,Scattered Clouds,66,4,65,471,27,76,71,443,26,77,1,2,BAL,CLE,68,28,1,66.0,68.0,-2.0,1,0.0,2,CLE,BAL,28,68,0,27.0,28.0,-1.0,0,0.0,28,1,-1,-6,-1.0,0.0
2025-09-14T13:00:00,2,JAX,CIN,45,51,-5.8,Clear Sky,64,3,66,413,27,76,64,443,27,76,1,2,CIN,JAX,51,45,1,28.0,27.0,1.0,1,1.0,2,JAX,CIN,45,51,0,43.0,17.0,26.0,0,1.0,-30,0,0,2,-25.0,0.0
2025-09-14T13:00:00,2,NYG,DAL,61,66,-9.1,Scattered Clouds,79,6,69,445,26,75,79,543,27,76,1,2,DAL,NYG,66,61,1,33.0,40.0,-7.0,1,0.0,2,NYG,DAL,61,66,0,16.0,35.0,-19.0,0,0.0,-98,-1,-1,-10,12.0,0.0
2025-09-14T13:00:00,2,CHI,DET,35,86,-10.8,Clear Sky,60,4,76,545,27,77,68,484,27,77,1,2,DET,CHI,86,35,1,22.0,45.0,-23.0,1,0.0,2,CHI,DET,35,86,0,40.0,45.0,-5.0,0,0.0,61,0,0,8,-18.0,0.0
2025-09-14T13:00:00,2,NE,MIA,55,45,-4.1,Light Rain,77,6,71,447,27,76,66,406,26,76,0,2,MIA,NE,45,55,1,13.0,55.0,-42.0,0,0.0,2,NE,MIA,55,45,0,22.0,33.0,-11.0,1,0.0,41,1,0,5,-31.0,0.0
2025-09-14T13:00:00,2,SF,NO,43,35,8.2,Scattered Clouds,76,4,71,456,27,76,69,532,28,76,0,2,NO,SF,35,43,1,22.0,33.0,-11.0,0,0.0,2,SF,NO,43,35,0,28.0,22.0,6.0,1,1.0,-76,-1,0,2,-17.0,-1.0
2025-09-14T13:00:00,2,BUF,NYJ,50,17,15.1,Scattered Clouds,68,1,79,470,26,76,74,580,28,77,0,2,NYJ,BUF,17,50,1,53.0,56.0,-3.0,0,0.0,2,BUF,NYJ,50,17,0,68.0,66.0,2.0,1,1.0,-110,-2,-1,5,-5.0,-1.0
2025-09-14T13:00:00,2,SEA,PIT,51,28,-5.8,Clear Sky,64,4,70,541,28,76,67,410,26,76,0,2,PIT,SEA,28,51,1,56.0,53.0,3.0,0,1.0,2,SEA,PIT,51,28,0,22.0,28.0,-6.0,1,0.0,131,2,0,3,9.0,1.0
2025-09-14T13:00:00,2,LAR,TEN,55,31,15.1,Light Rain,69,2,72,459,27,77,63,417,27,76,0,2,TEN,LAR,31,55,1,20.0,33.0,-13.0,0,0.0,2,LAR,TEN,55,31,0,23.0,15.0,8.0,1,1.0,42,0,1,9,-21.0,-1.0
2025-09-14T16:05:00,2,CAR,ARI,36,45,-11.6,Clear Sky,82,4,83,534,27,77,73,507,27,76,1,2,ARI,CAR,45,36,1,33.0,22.0,11.0,1,1.0,2,CAR,ARI,36,45,0,17.0,43.0,-26.0,0,0.0,27,0,1,10,37.0,1.0
2025-09-14T16:05:00,2,DEN,IND,46,48,4.1,Clear Sky,66,5,73,490,27,77,66,462,27,77,1,2,IND,DEN,48,46,1,55.0,13.0,42.0,1,1.0,2,DEN,IND,46,48,0,33.0,20.0,13.0,0,1.0,28,0,0,7,29.0,0.0
2025-09-14T16:25:00,2,PHI,KC,33,28,4.1,Scattered Clouds,72,5,73,467,26,77,68,477,27,77,0,2,KC,PHI,28,33,1,35.0,45.0,-10.0,0,0.0,2,PHI,KC,33,28,0,40.0,33.0,7.0,1,1.0,-10,-1,0,5,-17.0,-1.0
2025-09-14T20:20:00,2,ATL,MIN,36,16,-5.0,Scattered Clouds,74,10,65,440,27,76,71,469,27,76,0,2,MIN,ATL,16,36,1,45.0,40.0,5.0,0,1.0,2,ATL,MIN,36,16,0,33.0,38.0,-5.0,1,0.0,-29,0,0,-6,10.0,1.0
2025-09-15T19:00:00,2,TB,HOU,33,31,-4.1,Scattered Clouds,76,4,75,516,27,77,67,465,27,76,0,2,HOU,TB,31,33,1,15.0,23.0,-8.0,0,0.0,2,TB,HOU,33,31,0,38.0,33.0,5.0,1,1.0,51,0,1,8,-13.0,-1.0
2025-09-15T22:00:00,2,LAC,LV,33,15,9.6,Clear Sky,83,2,68,433,27,76,68,472,27,76,0,2,LV,LAC,15,33,1,33.0,22.0,11.0,0,1.0,2,LAC,LV,33,15,0,45.0,35.0,10.0,1,1.0,-39,0,0,0,1.0,0.0
2025-09-18T20:15:00,3,MIA,BUF,35,51,-19.9,Scattered Clouds,61,4,74,580,28,77,71,447,27,76,1,3,BUF,MIA,51,35,1,59.0,41.5,17.5,1,1.0,3,MIA,BUF,35,51,0,29.0,55.0,-26.0,0,0.0,133,1,1,3,43.5,1.0
2025-09-21T13:00:00,3,ATL,CAR,0,50,12.4,Broken Clouds,65,6,73,507,27,76,71,469,27,76,1,3,CAR,ATL,50,0,1,26.5,44.0,-17.5,1,0.0,3,ATL,CAR,0,50,0,34.5,27.0,7.5,0,0.5,38,0,0,2,-25.0,-0.5
2025-09-21T13:00:00,3,GB,CLE,17,22,12.4,Broken Clouds,67,13,71,443,26,77,72,395,26,76,1,3,CLE,GB,22,17,1,27.5,48.0,-20.5,1,0.0,3,GB,CLE,17,22,0,45.0,26.0,19.0,0,1.0,48,0,1,-1,-39.5,-1.0
2025-09-21T13:00:00,3,HOU,JAX,17,28,-2.5,Scattered Clouds,73,3,64,443,27,76,75,516,27,77,1,3,JAX,HOU,28,17,1,44.0,34.0,10.0,1,0.5,3,HOU,JAX,17,28,0,23.0,28.0,-5.0,0,0.0,-73,0,-1,-11,15.0,0.5
2025-09-21T13:00:00,3,CIN,MIN,17,80,-5.0,Light Rain,64,4,65,440,27,76,66,413,27,76,1,3,MIN,CIN,80,17,1,30.5,38.0,-7.5,1,0.5,3,CIN,MIN,17,80,0,39.5,36.0,3.5,0,1.0,27,0,0,-1,-11.0,-0.5
2025-09-21T13:00:00,3,PIT,NE,35,23,1.4,Overcast Clouds,52,2,66,406,26,76,70,541,28,76,0,3,NE,PIT,23,35,1,38.5,39.0,-0.5,0,0.5,3,PIT,NE,35,23,0,42.0,52.0,-10.0,1,0.5,-135,-2,0,-4,9.5,0.0
2025-09-21T13:00:00,3,LAR,PHI,43,55,-5.8,Broken Clouds,57,3,68,477,27,77,63,417,27,76,1,3,PHI,LAR,55,43,1,36.5,30.5,6.0,1,1.0,3,LAR,PHI,43,55,0,39.0,23.0,16.0,0,1.0,60,0,1,5,-10.0,0.0
2025-09-21T13:00:00,3,NYJ,TB,45,48,-10.8,Scattered Clouds,76,8,67,465,27,76,79,470,26,76,1,3,TB,NYJ,48,45,1,35.5,32.0,3.5,1,1.0,3,NYJ,TB,45,48,0,35.0,53.0,-18.0,0,0.0,-5,1,0,-12,21.5,1.0
2025-09-21T13:00:00,3,IND,TEN,68,33,16.5,Overcast Clouds,68,8,72,459,27,77,73,490,27,77,0,3,TEN,IND,33,68,1,25.5,44.0,-18.5,0,0.0,3,IND,TEN,68,33,0,51.5,29.5,22.0,1,1.0,-31,0,0,-1,-40.5,-1.0
2025-09-21T13:00:00,3,LV,WAS,40,68,-5.0,Broken Clouds,63,4,79,636,29,76,68,433,27,76,1,3,WAS,LV,68,40,1,32.5,30.5,2.0,1,0.5,3,LV,WAS,40,68,0,24.0,27.5,-3.5,0,0.5,203,2,0,11,5.5,0.0
2025-09-21T16:05:00,3,DEN,LAC,33,38,-4.1,Scattered Clouds,69,5,68,472,27,76,66,462,27,77,1,3,LAC,DEN,38,33,1,39.0,25.0,14.0,1,1.0,3,DEN,LAC,33,38,0,39.5,34.0,5.5,0,0.5,10,0,-1,2,8.5,0.5
2025-09-21T16:05:00,3,NO,SEA,22,73,-11.6,Broken Clouds,58,2,67,410,26,76,71,456,27,76,1,3,SEA,NO,73,22,1,36.5,28.0,8.5,1,0.5,3,NO,SEA,22,73,0,28.5,38.0,-9.5,0,0.0,-46,-1,0,-4,18.0,0.5
2025-09-21T16:25:00,3,DAL,CHI,23,51,4.1,Overcast Clouds,68,4,68,484,27,77,69,445,26,75,1,3,CHI,DAL,51,23,1,37.5,65.5,-28.0,1,0.0,3,DAL,CHI,23,51,0,49.5,50.5,-1.0,0,0.5,39,1,2,-1,-27.0,-0.5
2025-09-21T16:25:00,3,ARI,SF,25,27,-2.5,Clear Sky,67,2,69,532,28,76,83,534,27,77,1,3,SF,ARI,27,25,1,35.5,28.5,7.0,1,1.0,3,ARI,SF,25,27,0,39.0,29.0,10.0,0,1.0,-2,1,-1,-14,-3.0,0.0
2025-09-21T20:20:00,3,KC,NYG,36,15,16.5,Clear Sky,57,4,79,543,27,76,73,467,26,77,0,3,NYG,KC,15,36,1,38.5,50.5,-12.0,0,0.0,3,KC,NYG,36,15,0,31.5,39.0,-7.5,1,0.0,76,1,-1,6,-4.5,0.0
2025-09-22T20:15:00,3,DET,BAL,63,50,-7.5,Broken Clouds,67,5,65,471,27,76,76,545,27,77,0,3,BAL,DET,50,63,1,67.0,48.0,19.0,0,0.5,3,DET,BAL,63,50,0,54.0,40.0,14.0,1,0.5,-74,0,-1,-11,5.0,0.0
2025-09-25T20:15:00,4,SEA,ARI,38,33,4.1,Scattered Clouds,80,10,83,534,27,77,67,410,26,76,0,4,ARI,SEA,33,38,1,34.333333333333336,28.333333333333332,6.0000000000000036,0,0.6666666666666666,4,SEA,ARI,38,33,0,48.666666666666664,26.0,22.666666666666664,1,0.6666666666666666,124,1,1,16,-16.66666666666666,0.0
2025-09-28T09:30:00,4,MIN,PIT,35,40,6.9,Broken Clouds,48,4,70,541,28,76,65,440,27,76,1,4,PIT,MIN,40,35,1,39.666666666666664,42.333333333333336,-2.6666666666666714,1,0.6666666666666666,4,MIN,PIT,35,40,0,47.0,31.0,16.0,0,0.6666666666666666,101,1,0,5,-18.66666666666667,0.0
2025-09-28T13:00:00,4,WAS,ATL,45,56,-4.1,Clear Sky,67,8,71,469,27,76,79,636,29,76,1,4,ATL,WAS,56,45,1,23.0,34.666666666666664,-11.666666666666664,1,0.3333333333333333,4,WAS,ATL,45,56,0,44.333333333333336,33.666666666666664,10.666666666666671,0,0.6666666666666666,-167,-2,0,-8,-22.333333333333336,-0.3333333333333333
2025-09-28T13:00:00,4,NO,BUF,31,51,-24.0,Clear Sky,57,4,74,580,28,77,71,456,27,76,1,4,BUF,NO,51,31,1,56.333333333333336,39.333333333333336,17.0,1,1.0,4,NO,BUF,31,51,0,26.333333333333332,49.666666666666664,-23.333333333333332,0,0.0,124,1,1,3,40.33333333333333,1.0
2025-09-28T13:00:00,4,CLE,DET,17,56,-16.6,Clear Sky,58,4,76,545,27,77,71,443,26,77,1,4,DET,CLE,56,17,1,57.0,43.333333333333336,13.666666666666664,1,0.6666666666666666,4,CLE,DET,17,56,0,25.666666666666668,37.666666666666664,-11.999999999999996,0,0.3333333333333333,102,1,0,5,25.66666666666666,0.3333333333333333
2025-09-28T13:00:00,4,TEN,HOU,0,43,-12.4,Broken Clouds,70,3,75,516,27,77,72,459,27,77,1,4,HOU,TEN,43,0,1,21.0,28.0,-7.0,1,0.0,4,TEN,HOU,0,43,0,28.0,52.0,-24.0,0,0.0,57,0,0,3,17.0,0.0
2025-09-28T13:00:00,4,CAR,NE,22,70,-9.1,Clear Sky,63,5,66,406,26,76,73,507,27,76,1,4,NE,CAR,70,22,1,33.333333333333336,37.666666666666664,-4.333333333333329,1,0.3333333333333333,4,CAR,NE,22,70,0,34.333333333333336,29.333333333333332,5.0000000000000036,0,0.3333333333333333,-101,-1,0,-7,-9.333333333333332,0.0
2025-09-28T13:00:00,4,LAC,NYG,30,35,16.5,Few Clouds,68,5,79,543,27,76,68,472,27,76,1,4,NYG,LAC,35,30,1,30.666666666666668,45.666666666666664,-14.999999999999996,1,0.0,4,LAC,NYG,30,35,0,38.666666666666664,27.666666666666668,10.999999999999996,0,1.0,71,0,0,11,-25.999999999999993,-1.0
2025-09-28T13:00:00,4,PHI,TB,51,41,9.6,Clear Sky,74,10,67,465,27,76,68,477,27,77,0,4,TB,PHI,41,51,1,39.666666666666664,36.333333333333336,3.3333333333333286,0,1.0,4,PHI,TB,51,41,0,42.666666666666664,34.666666666666664,8.0,1,1.0,-12,0,-1,-1,-4.666666666666671,0.0
2025-09-28T16:05:00,4,IND,LAR,33,45,-5.8,Clear Sky,68,5,63,417,27,76,73,490,27,77,1,4,LAR,IND,45,33,1,40.333333333333336,33.666666666666664,6.666666666666671,1,0.6666666666666666,4,IND,LAR,33,45,0,57.0,30.666666666666668,26.333333333333332,0,1.0,-73,0,-1,-10,-19.66666666666666,-0.33333333333333337
2025-09-28T16:05:00,4,JAX,SF,43,35,-5.8,Overcast Clouds,65,5,69,532,28,76,64,443,27,76,0,4,SF,JAX,35,43,1,32.666666666666664,27.333333333333332,5.333333333333332,0,1.0,4,JAX,SF,43,35,0,38.666666666666664,28.333333333333332,10.333333333333332,1,0.6666666666666666,89,1,0,5,-5.0,0.33333333333333337
2025-09-28T16:25:00,4,BAL,KC,33,61,6.9,Clear Sky,68,7,73,467,26,77,65,471,27,76,1,4,KC,BAL,61,33,1,33.0,31.0,2.0,1,0.3333333333333333,4,BAL,KC,33,61,0,61.333333333333336,53.0,8.333333333333336,0,0.3333333333333333,-4,-1,1,8,-6.333333333333336,0.0
2025-09-28T16:25:00,4,CHI,LV,41,40,-2.5,Scattered Clouds,71,4,68,433,27,76,68,484,27,77,0,4,LV,CHI,40,41,1,29.333333333333332,41.0,-11.666666666666668,0,0.3333333333333333,4,CHI,LV,41,40,0,42.0,51.333333333333336,-9.333333333333336,1,0.3333333333333333,-51,0,-1,0,-2.333333333333332,0.0
2025-09-28T20:20:00,4,GB,DAL,66,66,10.8,Scattered Clouds,69,5,69,445,26,75,72,395,26,76,0,4,DAL,GB,66,66,1,40.666666666666664,50.666666666666664,-10.0,0,0.3333333333333333,4,GB,DAL,66,66,0,35.666666666666664,24.666666666666668,10.999999999999996,0,0.6666666666666666,50,0,-1,-3,-20.999999999999996,-0.3333333333333333
2025-09-29T19:15:00,4,NYJ,MIA,35,45,-4.1,Broken Clouds,77,13,71,447,27,76,79,470,26,76,1,4,MIA,NYJ,45,35,1,31.0,53.666666666666664,-22.666666666666664,1,0.0,4,NYJ,MIA,35,45,0,38.333333333333336,51.333333333333336,-13.0,0,0.0,-23,1,0,-8,-9.666666666666664,0.0
2025-09-29T20:15:00,4,CIN,DEN,8,46,-12.4,Overcast Clouds,54,4,66,462,27,77,66,413,27,76,1,4,DEN,CIN,46,8,1,37.333333333333336,35.333333333333336,2.0,1,0.3333333333333333,4,CIN,DEN,8,46,0,32.0,50.666666666666664,-18.666666666666664,0,0.6666666666666666,49,0,1,0,20.666666666666664,-0.3333333333333333
2025-10-02T20:15:00,5,SF,LAR,43,38,-14.1,Scattered Clouds,67,6,63,417,27,76,69,532,28,76,0,5,LAR,SF,38,43,1,41.5,33.5,8.0,0,0.75,5,SF,LAR,43,38,0,33.25,31.25,2.0,1,0.75,-115,-1,0,-6,6.0,0.0
2025-10-05T09:30:00,5,MIN,CLE,35,28,9.6,Overcast Clouds,52,8,71,443,26,77,65,440,27,76,0,5,CLE,MIN,28,35,1,23.5,42.25,-18.75,0,0.25,5,MIN,CLE,35,28,0,44.0,33.25,10.75,1,0.5,3,-1,1,6,-29.5,-0.25
2025-10-05T13:00:00,5,HOU,BAL,73,17,6.9,Clear Sky,59,3,65,471,27,76,75,516,27,77,0,5,BAL,HOU,17,73,1,54.25,55.0,-0.75,0,0.25,5,HOU,BAL,73,17,0,26.5,21.0,5.5,1,0.25,-45,0,-1,-10,-6.25,0.0
2025-10-05T13:00:00,5,MIA,CAR,40,45,2.7,Broken Clouds,63,3,73,507,27,76,71,447,27,76,1,5,CAR,MIA,45,40,1,31.25,39.5,-8.25,1,0.25,5,MIA,CAR,40,45,0,34.5,49.0,-14.5,0,0.25,60,0,0,2,6.25,0.0
2025-10-05T13:00:00,5,LV,IND,16,66,-12.4,Clear Sky,62,6,73,490,27,77,68,433,27,76,1,5,IND,LV,66,16,1,51.0,34.25,16.75,1,0.75,5,LV,IND,16,66,0,32.0,41.0,-9.0,0,0.25,57,0,1,5,25.75,0.5
2025-10-05T13:00:00,5,NYG,NO,23,43,-4.1,Broken Clouds,74,7,71,456,27,76,79,543,27,76,1,5,NO,NYG,43,23,1,27.5,50.0,-22.5,1,0.0,5,NYG,NO,23,43,0,31.75,41.75,-10.0,0,0.25,-87,0,0,-8,-12.5,-0.25
2025-10-05T13:00:00,5,DAL,NYJ,61,36,-2.5,Clear Sky,61,5,79,470,26,76,69,445,26,75,0,5,NYJ,DAL,36,61,1,37.5,49.75,-12.25,0,0.0,5,DAL,NYJ,61,36,0,47.0,54.5,-7.5,1,0.25,25,0,1,10,-4.75,-0.25
2025-10-05T13:00:00,5,DEN,PHI,35,28,-6.6,Clear Sky,60,4,68,477,27,77,66,462,27,77,0,5,PHI,DEN,28,35,1,44.75,36.25,8.5,0,1.0,5,DEN,PHI,35,28,0,39.5,28.5,11.0,1,0.5,15,0,0,2,-2.5,0.5
2025-10-05T16:05:00,5,TEN,ARI,36,35,-12.4,Clear Sky,72,4,83,534,27,77,72,459,27,77,0,5,ARI,TEN,35,36,1,34.0,30.75,3.25,0,0.5,5,TEN,ARI,36,35,0,21.0,49.75,-28.75,1,0.0,75,0,0,11,32.0,0.5
2025-10-05T16:05:00,5,TB,SEA,63,58,-5.8,Clear Sky,51,4,67,410,26,76,67,465,27,76,0,5,SEA,TB,58,63,1,46.0,27.75,18.25,0,0.75,5,TB,SEA,63,58,0,40.0,40.0,0.0,1,0.75,-55,-1,0,0,18.25,0.0
2025-10-05T16:25:00,5,DET,CIN,61,40,15.7,Clear Sky,62,4,66,413,27,76,76,545,27,77,0,5,CIN,DET,40,61,1,26.0,49.5,-23.5,0,0.5,5,DET,CIN,61,40,0,56.75,36.75,20.0,1,0.75,-132,0,-1,-10,-43.5,-0.25
2025-10-05T16:25:00,5,WAS,LAC,45,17,-5.0,Clear Sky,63,4,68,472,27,76,79,636,29,76,0,5,LAC,WAS,17,45,1,36.5,29.5,7.0,0,0.75,5,WAS,LAC,45,17,0,44.5,39.25,5.25,1,0.5,-164,-2,0,-11,1.75,0.25
2025-10-05T20:20:00,5,NE,BUF,38,33,-12.4,Clear Sky,61,8,74,580,28,77,66,406,26,76,0,5,BUF,NE,33,38,1,55.0,37.25,17.75,0,1.0,5,NE,BUF,38,33,0,42.5,33.75,8.75,1,0.5,174,2,1,8,9.0,0.5
2025-10-06T20:15:00,5,KC,JAX,46,51,9.6,Light Rain,75,6,64,443,27,76,73,467,26,77,1,5,JAX,KC,51,46,1,39.75,30.0,9.75,1,0.75,5,KC,JAX,46,51,0,40.0,31.5,8.5,0,0.5,-24,1,-1,-9,1.25,0.25
2025-10-09T20:15:00,6,PHI,NYG,28,56,12.4,Clear Sky,50,5,79,543,27,76,68,477,27,77,1,6,NYG,PHI,56,28,1,30.0,42.0,-12.0,1,0.2,6,PHI,NYG,28,56,0,41.4,36.0,5.399999999999999,0,0.8,66,0,-1,11,-17.4,-0.6000000000000001
2025-10-12T09:30:00,6,DEN,NYJ,22,18,11.6,Overcast Clouds,55,6,79,470,26,76,66,462,27,77,0,6,NYJ,DEN,18,22,1,37.2,52.0,-14.799999999999997,0,0.0,6,DEN,NYJ,22,18,0,38.6,28.4,10.200000000000003,1,0.6,8,-1,-1,13,-25.0,-0.6
2025-10-12T13:00:00,6,LAR,BAL,28,8,11.6,Light Rain,59,15,65,471,27,76,63,417,27,76,0,6,BAL,LAR,8,28,1,46.8,58.6,-11.800000000000004,0,0.2,6,LAR,BAL,28,8,0,40.8,35.4,5.399999999999999,1,0.6,54,0,0,2,-17.200000000000003,-0.39999999999999997
2025-10-12T13:00:00,6,DAL,CAR,45,50,8.2,Overcast Clouds,62,10,73,507,27,76,69,445,26,75,1,6,CAR,DAL,50,45,1,34.0,39.6,-5.600000000000001,1,0.4,6,DAL,CAR,45,50,0,49.8,50.8,-1.0,0,0.4,62,1,1,4,-4.600000000000001,0.0
2025-10-12T13:00:00,6,ARI,IND,45,51,-13.3,Clear Sky,54,4,73,490,27,77,83,534,27,77,1,6,IND,ARI,51,45,1,54.0,30.6,23.4,1,0.8,6,ARI,IND,45,51,0,34.2,31.8,2.400000000000002,0,0.4,-44,0,0,-10,20.999999999999996,0.4
2025-10-12T13:00:00,6,SEA,JAX,33,20,2.7,Overcast Clouds,67,3,64,443,27,76,67,410,26,76,0,6,JAX,SEA,20,33,1,42.0,33.2,8.799999999999997,0,0.8,6,SEA,JAX,33,20,0,48.4,34.8,13.600000000000001,1,0.6,33,1,0,-3,-4.800000000000004,0.20000000000000007
2025-10-12T13:00:00,6,LAC,MIA,48,45,9.6,Broken Clouds,74,7,71,447,27,76,68,472,27,76,0,6,MIA,LAC,45,48,1,35.6,48.2,-12.600000000000001,0,0.2,6,LAC,MIA,48,45,0,32.6,32.6,0.0,1,0.6,-25,0,0,3,-12.600000000000001,-0.39999999999999997
2025-10-12T13:00:00,6,NE,NO,41,31,9.6,Clear Sky,65,5,71,456,27,76,66,406,26,76,0,6,NO,NE,31,41,1,30.6,44.6,-14.0,0,0.2,6,NE,NO,41,31,0,41.6,33.6,8.0,1,0.6,50,1,0,5,-22.0,-0.39999999999999997
2025-10-12T13:00:00,6,CLE,PIT,15,38,-10.8,Clear Sky,51,5,70,541,28,76,71,443,26,77,1,6,PIT,CLE,38,15,1,39.75,40.5,-0.75,1,0.75,6,CLE,PIT,15,38,0,24.4,40.8,-16.4,0,0.2,98,2,-1,-1,15.649999999999999,0.55
2025-10-12T16:05:00,6,TEN,LV,17,33,-5.8,Clear Sky,66,4,68,433,27,76,72,459,27,77,1,6,LV,TEN,33,17,1,28.8,46.0,-17.2,1,0.2,6,TEN,LV,17,33,0,24.0,46.8,-22.799999999999997,0,0.2,-26,0,-1,-4,5.599999999999998,0.0
2025-10-12T16:25:00,6,CIN,GB,30,45,-23.2,Scattered Clouds,58,9,72,395,26,76,66,413,27,76,1,6,GB,CIN,45,30,1,43.25,35.0,8.25,1,0.5,6,CIN,GB,30,45,0,28.8,51.8,-22.999999999999996,0,0.4,-18,-1,0,6,31.249999999999996,0.09999999999999998
2025-10-12T16:25:00,6,SF,TB,31,50,-5.8,Few Clouds,69,6,67,465,27,76,69,532,28,76,1,6,TB,SF,50,31,1,44.6,43.6,1.0,1,0.8,6,SF,TB,31,50,0,35.2,32.6,2.6000000000000014,0,0.8,-67,-1,0,-2,-1.6000000000000014,0.0
2025-10-12T20:20:00,6,DET,KC,28,50,-4.1,Overcast Clouds,76,13,73,467,26,77,76,545,27,77,1,6,KC,DET,50,28,1,41.2,35.4,5.800000000000004,1,0.4,6,DET,KC,28,50,0,57.6,37.4,20.200000000000003,0,0.8,-78,-1,0,-3,-14.399999999999999,-0.4
2025-10-13T19:15:00,6,BUF,ATL,23,40,9.6,Clear Sky,59,4,71,469,27,76,74,580,28,77,1,6,ATL,BUF,40,23,1,31.25,37.25,-6.0,1,0.5,6,BUF,ATL,23,40,0,50.6,37.4,13.200000000000003,0,0.8,-111,-1,-1,-3,-19.200000000000003,-0.30000000000000004
2025-10-13T20:15:00,6,CHI,WAS,41,40,-9.1,Light Rain,55,12,79,636,29,76,68,484,27,77,0,6,WAS,CHI,40,41,1,44.6,34.8,9.800000000000004,0,0.6,6,CHI,WAS,41,40,0,41.75,48.5,-6.75,1,0.5,152,2,-1,11,16.550000000000004,0.09999999999999998
2025-10-16T20:15:00,7,PIT,CIN,51,55,15.1,Clear Sky,52,4,66,413,27,76,70,541,28,76,1,7,CIN,PIT,55,51,1,29.2,55.4,-26.2,1,0.2,7,PIT,CIN,51,55,0,39.4,35.4,4.0,0,0.8,-128,-1,0,-4,-30.2,-0.6000000000000001
2025-10-19T09:30:00,7,LAR,JAX,58,12,8.2,Light Rain,55,10,64,443,27,76,63,417,27,76,0,7,JAX,LAR,12,58,1,37.4,36.4,1.0,0,0.6,7,LAR,JAX,58,12,0,41.8,34.0,7.799999999999997,1,0.6,26,0,0,1,-6.799999999999997,0.0
2025-10-19T13:00:00,7,NO,CHI,23,43,-5.8,Clear Sky,48,9,68,484,27,77,71,456,27,76,1,7,CHI,NO,43,23,1,41.6,46.8,-5.199999999999996,1,0.6,7,NO,CHI,23,43,0,32.4,46.2,-13.800000000000004,0,0.2,28,0,1,-3,8.600000000000009,0.39999999999999997
2025-10-19T13:00:00,7,MIA,CLE,16,51,-4.1,Moderate Rain,51,21,71,443,26,77,71,447,27,76,1,7,CLE,MIA,51,16,1,22.0,42.8,-20.799999999999997,1,0.2,7,MIA,CLE,16,51,0,42.0,46.8,-4.799999999999997,0,0.2,-4,-1,1,0,-16.0,0.0
2025-10-19T13:00:00,7,LV,KC,0,51,-21.5,Clear Sky,52,11,73,467,26,77,68,433,27,76,1,7,KC,LV,51,0,1,44.2,32.0,12.200000000000003,1,0.6,7,LV,KC,0,51,0,28.8,45.0,-16.2,0,0.2,34,-1,1,5,28.400000000000002,0.39999999999999997
2025-10-19T13:00:00,7,PHI,MIN,46,36,6.9,Clear Sky,45,6,65,440,27,76,68,477,27,77,0,7,MIN,PHI,36,46,1,42.2,32.2,10.0,0,0.6,7,PHI,MIN,46,36,0,39.0,40.6,-1.6000000000000014,1,0.6,-37,0,-1,-3,11.600000000000001,0.0
2025-10-19T13:00:00,7,CAR,NYJ,22,16,-0.8,Light Rain,66,16,79,470,26,76,73,507,27,76,0,7,NYJ,CAR,16,22,1,30.2,45.2,-15.000000000000004,0,0.0,7,CAR,NYJ,22,16,0,40.6,40.0,0.6000000000000014,1,0.6,-37,-1,0,6,-15.600000000000005,-0.6
2025-10-19T13:00:00,7,NE,TEN,51,22,10.8,Clear Sky,48,3,72,459,27,77,66,406,26,76,0,7,TEN,NE,22,51,1,23.4,46.8,-23.4,0,0.2,7,NE,TEN,51,22,0,45.4,33.2,12.199999999999996,1,0.8,53,1,1,6,-35.599999999999994,-0.6000000000000001
2025-10-19T16:05:00,7,NYG,DEN,53,55,-14.1,Few Clouds,53,6,66,462,27,77,79,543,27,76,1,7,DEN,NYG,55,53,1,36.4,28.0,8.399999999999999,1,0.6,7,NYG,DEN,53,55,0,38.0,40.6,-2.6000000000000014,0,0.4,-81,0,1,-13,11.0,0.19999999999999996
2025-10-19T16:05:00,7,IND,LAC,63,40,-4.1,Scattered Clouds,63,1,68,472,27,76,73,490,27,77,0,7,LAC,IND,40,63,1,33.2,34.6,-1.3999999999999986,0,0.6,7,IND,LAC,63,40,0,53.2,37.0,16.200000000000003,1,0.8,-18,0,-1,-5,-17.6,-0.20000000000000007
2025-10-19T16:25:00,7,GB,ARI,45,38,10.8,Clear Sky,68,4,83,534,27,77,72,395,26,76,0,7,ARI,GB,38,45,1,36.6,37.6,-1.0,0,0.2,7,GB,ARI,45,38,0,43.6,34.0,9.600000000000001,1,0.6,139,1,1,11,-10.600000000000001,-0.39999999999999997
2025-10-19T16:25:00,7,WAS,DAL,36,73,-2.5,Clear Sky,63,8,69,445,26,75,79,636,29,76,1,7,DAL,WAS,73,36,1,52.2,52.8,-0.5999999999999943,1,0.4,7,WAS,DAL,36,73,0,45.6,39.8,5.800000000000004,0,0.4,-191,-3,-1,-10,-6.399999999999999,0.0
2025-10-19T20:20:00,7,ATL,SF,17,33,2.7,Clear Sky,58,2,69,532,28,76,71,469,27,76,1,7,SF,ATL,33,17,1,35.8,38.2,-2.4000000000000057,1,0.6,7,ATL,SF,17,33,0,33.0,34.4,-1.3999999999999986,0,0.6,63,1,0,-2,-1.000000000000007,0.0
2025-10-20T19:00:00,7,TB,DET,15,40,-9.9,Clear Sky,51,10,76,545,27,77,67,465,27,76,1,7,DET,TB,40,15,1,58.8,38.4,20.4,1,0.8,7,TB,DET,15,40,0,47.0,43.2,3.799999999999997,0,0.8,80,0,1,9,16.6,0.0
2025-10-20T22:00:00,7,HOU,SEA,31,45,-5.0,Overcast Clouds,50,3,67,410,26,76,75,516,27,77,1,7,SEA,HOU,45,31,1,50.6,33.2,17.4,1,0.8,7,HOU,SEA,31,45,0,35.8,20.2,15.599999999999998,0,0.4,-106,-1,-1,-8,1.8000000000000007,0.4
2025-10-23T20:15:00,8,MIN,LAC,17,61,-5.8,Few Clouds,64,3,68,472,27,76,65,440,27,76,1,8,LAC,MIN,61,17,1,34.6,44.2,-9.600000000000001,1,0.4,8,MIN,LAC,17,61,0,40.4,33.4,7.0,0,0.4,32,0,0,3,-16.6,0.0
2025-10-26T13:00:00,8,MIA,ATL,56,17,-11.6,Light Rain,52,11,71,469,27,76,71,447,27,76,0,8,ATL,MIA,17,56,1,29.8,33.4,-3.599999999999998,0,0.6,8,MIA,ATL,56,17,0,36.2,46.0,-9.799999999999997,1,0.2,22,0,0,0,6.199999999999999,0.39999999999999997
2025-10-26T13:00:00,8,CHI,BAL,27,50,-4.1,Scattered Clouds,46,7,65,471,27,76,68,484,27,77,1,8,BAL,CHI,50,27,1,35.2,50.6,-15.399999999999999,1,0.2,8,CHI,BAL,27,50,0,42.2,42.4,-0.19999999999999574,0,0.8,-13,0,-1,-3,-15.200000000000003,-0.6000000000000001
2025-10-26T13:00:00,8,BUF,CAR,66,15,11.6,Light Rain,50,7,73,507,27,76,74,580,28,77,0,8,CAR,BUF,15,66,1,37.8,34.2,3.5999999999999943,0,0.8,8,BUF,CAR,66,15,0,41.6,32.2,9.399999999999999,1,0.6,-73,-1,-1,-1,-5.800000000000004,0.20000000000000007
2025-10-26T13:00:00,8,NYJ,CIN,65,63,-9.1,Overcast Clouds,49,6,66,413,27,76,79,470,26,76,0,8,CIN,NYJ,63,65,1,30.0,56.6,-26.6,0,0.2,8,NYJ,CIN,65,63,0,30.0,39.6,-9.600000000000001,1,0.0,-57,1,0,-13,-17.0,0.2
2025-10-26T13:00:00,8,SF,HOU,25,43,-5.0,Broken Clouds,65,3,75,516,27,77,69,532,28,76,1,8,HOU,SF,43,25,1,39.0,24.6,14.399999999999999,1,0.4,8,SF,HOU,25,43,0,33.8,34.6,-0.8000000000000043,0,0.6,-16,-1,1,6,15.200000000000003,-0.19999999999999996
2025-10-26T13:00:00,8,CLE,NE,22,53,-11.6,Clear Sky,37,4,66,406,26,76,71,443,26,77,1,8,NE,CLE,53,22,1,44.6,28.6,16.0,1,0.8,8,CLE,NE,22,53,0,26.6,32.4,-5.799999999999997,0,0.4,-37,0,-1,-5,21.799999999999997,0.4
2025-10-26T13:00:00,8,NYG,PHI,33,63,-11.6,Overcast Clouds,48,5,68,477,27,77,79,543,27,76,1,8,PHI,NYG,63,33,1,41.6,42.2,-0.6000000000000014,1,0.6,8,NYG,PHI,33,63,0,36.4,38.4,-2.0,0,0.4,-66,0,1,-11,1.3999999999999986,0.19999999999999996
2025-10-26T16:05:00,8,TB,NO,38,8,9.6,Clear Sky,72,5,71,456,27,76,67,465,27,76,0,8,NO,TB,8,38,1,30.0,46.2,-16.200000000000003,0,0.2,8,TB,NO,38,8,0,43.4,45.0,-1.6000000000000014,1,0.6,-9,0,0,4,-14.600000000000001,-0.39999999999999997
2025-10-26T16:25:00,8,DAL,DEN,40,73,-5.8,Overcast Clouds,48,3,66,462,27,77,69,445,26,75,1,8,DEN,DAL,73,40,1,38.2,29.0,9.200000000000003,1,0.8,8,DAL,DEN,40,73,0,53.6,47.8,5.800000000000004,0,0.4,17,1,2,-3,3.3999999999999986,0.4
2025-10-26T16:25:00,8,TEN,IND,23,63,-24.0,Scattered Clouds,48,8,73,490,27,77,72,459,27,77,1,8,IND,TEN,63,23,1,56.2,35.8,20.400000000000006,1,0.8,8,TEN,IND,23,63,0,21.6,46.0,-24.4,0,0.2,31,0,0,1,44.800000000000004,0.6000000000000001
2025-10-26T20:20:00,8,GB,PIT,58,41,6.9,Clear Sky,42,5,70,541,28,76,72,395,26,76,0,8,PIT,GB,41,58,1,38.4,35.8,2.6000000000000014,0,0.6,8,GB,PIT,58,41,0,43.6,37.2,6.399999999999999,1,0.6,146,2,0,-2,-3.799999999999997,0.0
2025-10-27T20:15:00,8,WAS,KC,12,46,-17.4,Overcast Clouds,53,5,73,467,26,77,79,636,29,76,1,8,KC,WAS,46,12,1,48.8,25.4,23.4,1,0.8,8,WAS,KC,12,46,0,46.8,45.4,1.3999999999999986,0,0.4,-169,-3,1,-6,22.0,0.4
2025-10-30T20:15:00,9,BAL,MIA,46,16,12.4,Overcast Clouds,69,10,71,447,27,76,65,471,27,76,0,9,MIA,BAL,16,46,1,40.4,39.2,1.1999999999999957,0,0.4,9,BAL,MIA,46,16,0,31.6,50.4,-18.799999999999997,1,0.2,-24,0,0,6,19.999999999999993,0.2
2025-11-02T13:00:00,9,CHI,CIN,78,70,8.2,Clear Sky,42,4,66,413,27,76,68,484,27,77,0,9,CIN,CHI,70,78,1,39.2,53.6,-14.399999999999999,0,0.2,9,CHI,CIN,78,70,0,40.6,35.2,5.399999999999999,1,0.8,-71,0,-1,-2,-19.799999999999997,-0.6000000000000001
2025-11-02T13:00:00,9,MIN,DET,45,40,-15.7,Clear Sky,41,9,76,545,27,77,65,440,27,76,0,9,DET,MIN,40,45,1,49.6,34.4,15.200000000000003,0,0.8,9,MIN,DET,45,40,0,40.6,38.4,2.200000000000003,1,0.4,105,0,1,11,13.0,0.4
2025-11-02T13:00:00,9,CAR,GB,27,22,-20.7,Light Rain,44,20,72,395,26,76,73,507,27,76,0,9,GB,CAR,22,27,1,46.2,39.4,6.800000000000004,0,0.6,9,CAR,GB,27,22,0,30.8,47.4,-16.599999999999998,1,0.6,-112,-1,0,-1,23.400000000000002,0.0
2025-11-02T13:00:00,9,DEN,HOU,30,25,-3.3,Clear Sky,57,6,75,516,27,77,66,462,27,77,0,9,HOU,DEN,25,30,1,41.4,23.0,18.4,0,0.6,9,DEN,HOU,30,25,0,46.2,29.4,16.800000000000004,1,1.0,54,0,0,9,1.5999999999999943,-0.4
2025-11-02T13:00:00,9,ATL,NE,38,40,-9.1,Scattered Clouds,36,3,66,406,26,76,71,469,27,76,1,9,NE,ATL,40,38,1,50.6,26.0,24.6,1,1.0,9,ATL,NE,38,40,0,26.0,41.4,-15.399999999999999,0,0.4,-63,-1,0,-5,40.0,0.6
2025-11-02T13:00:00,9,SF,NYG,56,40,6.9,Clear Sky,51,3,79,543,27,76,69,532,28,76,0,9,NYG,SF,40,56,1,40.0,43.8,-3.799999999999997,0,0.4,9,SF,NYG,56,40,0,33.4,38.2,-4.800000000000004,1,0.4,11,-1,0,10,1.000000000000007,0.0
2025-11-02T13:00:00,9,IND,PIT,33,45,8.2,Overcast Clouds,43,4,70,541,28,76,73,490,27,77,1,9,PIT,IND,45,33,1,41.0,37.2,3.799999999999997,1,0.6,9,IND,PIT,33,45,0,55.2,33.8,21.400000000000006,0,0.8,51,1,-1,-3,-17.60000000000001,-0.20000000000000007
2025-11-02T13:00:00,9,LAC,TEN,45,33,16.6,Clear Sky,39,3,72,459,27,77,68,472,27,76,0,9,TEN,LAC,33,45,1,19.6,45.0,-25.4,0,0.2,9,LAC,TEN,45,33,0,39.2,41.0,-1.7999999999999972,1,0.4,-13,0,1,4,-23.6,-0.2
2025-11-02T16:05:00,9,NO,LAR,17,56,-24.0,Overcast Clouds,61,3,63,417,27,76,71,456,27,76,1,9,LAR,NO,56,17,1,42.4,30.2,12.2,1,0.6,9,NO,LAR,17,56,0,27.2,39.2,-12.000000000000004,0,0.2,-39,0,0,-8,24.200000000000003,0.39999999999999997
2025-11-02T16:05:00,9,JAX,LV,50,48,5.5,Broken Clouds,63,1,68,433,27,76,64,443,27,76,0,9,LV,JAX,48,50,1,25.8,48.6,-22.8,0,0.2,9,JAX,LV,50,48,0,30.8,37.8,-6.9999999999999964,1,0.6,-10,0,0,4,-15.800000000000004,-0.39999999999999997
2025-11-02T16:25:00,9,KC,BUF,35,46,6.9,Clear Sky,45,10,74,580,28,77,73,467,26,77,1,9,BUF,KC,46,35,1,44.8,31.8,12.999999999999996,1,0.6,9,KC,BUF,35,46,0,50.8,24.8,25.999999999999996,0,0.8,113,2,0,1,-13.0,-0.20000000000000007
2025-11-02T20:20:00,9,SEA,WAS,63,23,6.9,Clear Sky,47,2,79,636,29,76,67,410,26,76,0,9,WAS,SEA,23,63,1,35.6,46.6,-11.0,0,0.2,9,SEA,WAS,63,23,0,49.4,33.8,15.600000000000001,1,0.8,226,3,0,12,-26.6,-0.6000000000000001
2025-11-03T20:15:00,9,ARI,DAL,45,28,-5.8,Clear Sky,59,10,69,445,26,75,83,534,27,77,0,9,DAL,ARI,28,45,1,57.0,52.2,4.799999999999997,0,0.4,9,ARI,DAL,45,28,0,35.2,39.4,-4.199999999999996,1,0.0,-89,-1,-2,-14,8.999999999999993,0.4
2025-11-06T20:15:00,10,LV,DEN,12,17,-14.1,Scattered Clouds,47,7,66,462,27,77,68,433,27,76,1,10,DEN,LV,17,12,1,43.0,32.8,10.200000000000003,1,1.0,10,LV,DEN,12,17,0,27.4,45.0,-17.6,0,0.2,29,0,1,-2,27.800000000000004,0.8
2025-11-09T09:30:00,10,ATL,IND,41,51,-10.8,Light Rain,43,2,73,490,27,77,71,469,27,76,1,10,IND,ATL,51,41,1,55.2,33.8,21.400000000000006,1,0.8,10,ATL,IND,41,51,0,33.6,39.4,-5.799999999999997,0,0.4,21,0,1,2,27.200000000000003,0.4
2025-11-09T13:00:00,10,NO,CAR,28,12,-8.3,Broken Clouds,49,7,73,507,27,76,71,456,27,76,0,10,CAR,NO,12,28,1,31.8,37.8,-5.9999999999999964,0,0.8,10,NO,CAR,28,12,0,24.4,40.2,-15.800000000000004,1,0.2,51,0,0,2,9.800000000000008,0.6000000000000001
2025-11-09T13:00:00,10,NYG,CHI,33,40,-7.5,Snow,27,21,68,484,27,77,79,543,27,76,1,10,CHI,NYG,40,33,1,46.0,44.6,1.3999999999999986,1,0.8,10,NYG,CHI,33,40,0,41.0,49.0,-8.0,0,0.2,-59,0,1,-11,9.399999999999999,0.6000000000000001
2025-11-09T13:00:00,10,JAX,HOU,48,60,-1.7,Clear Sky,53,14,75,516,27,77,64,443,27,76,1,10,HOU,JAX,60,48,1,43.0,23.4,19.6,1,0.6,10,JAX,HOU,48,60,0,35.2,44.0,-8.799999999999997,0,0.6,73,0,1,11,28.4,0.0
2025-11-09T13:00:00,10,BUF,MIA,22,50,12.4,Clear Sky,73,8,71,447,27,76,74,580,28,77,1,10,MIA,BUF,50,22,1,34.6,41.4,-6.799999999999997,1,0.2,10,BUF,MIA,22,50,0,43.8,31.8,11.999999999999996,0,0.6,-133,-1,-1,-3,-18.799999999999994,-0.39999999999999997
2025-11-09T13:00:00,10,BAL,MIN,45,31,12.4,Overcast Clouds,27,9,65,440,27,76,65,471,27,76,0,10,MIN,BAL,31,45,1,33.6,43.0,-9.399999999999999,0,0.4,10,BAL,MIN,45,31,0,30.8,41.0,-10.2,1,0.4,-31,0,0,0,0.8000000000000007,0.0
2025-11-09T13:00:00,10,CLE,NYJ,33,45,4.1,Light Rain,58,13,79,470,26,76,71,443,26,77,1,10,NYJ,CLE,45,33,1,34.0,42.6,-8.600000000000001,1,0.2,10,CLE,NYJ,33,45,0,26.6,39.6,-13.0,0,0.2,27,0,-1,8,4.399999999999999,0.0
2025-11-09T13:00:00,10,NE,TB,46,38,-4.1,Scattered Clouds,71,11,67,465,27,76,66,406,26,76,0,10,TB,NE,38,46,1,41.4,37.6,3.799999999999997,0,0.6,10,NE,TB,46,38,0,44.6,29.2,15.400000000000002,1,1.0,59,1,0,1,-11.600000000000005,-0.4
2025-11-09T16:05:00,10,ARI,SEA,36,73,-11.6,Clear Sky,54,7,67,410,26,76,83,534,27,77,1,10,SEA,ARI,73,36,1,47.4,34.0,13.399999999999999,1,0.8,10,ARI,SEA,36,73,0,39.2,39.6,-0.3999999999999986,0,0.2,-124,-1,-1,-16,13.799999999999997,0.6000000000000001
2025-11-09T16:25:00,10,LAR,SF,70,43,16.5,Clear Sky,58,2,69,532,28,76,63,417,27,76,0,10,SF,LAR,43,70,1,37.6,37.6,0.0,0,0.6,10,LAR,SF,70,43,0,45.0,22.6,22.4,1,0.8,115,1,0,6,-22.4,-0.20000000000000007
2025-11-09T16:25:00,10,DET,WAS,73,36,13.3,Light Rain,48,12,79,636,29,76,76,545,27,77,0,10,WAS,DET,36,73,1,31.2,48.0,-16.8,0,0.2,10,DET,WAS,73,36,0,45.0,33.4,11.600000000000001,1,0.6,91,2,-1,3,-28.400000000000002,-0.39999999999999997
2025-11-09T20:20:00,10,PIT,LAC,17,41,-5.8,Overcast Clouds,63,1,68,472,27,76,70,541,28,76,1,10,LAC,PIT,41,17,1,42.2,40.6,1.6000000000000014,1,0.6,10,PIT,LAC,17,41,0,43.0,39.2,3.799999999999997,0,0.6,-69,-1,0,-2,-2.1999999999999957,0.0
2025-11-10T20:15:00,10,PHI,GB,17,12,2.7,Overcast Clouds,27,7,72,395,26,76,68,477,27,77,0,10,GB,PHI,12,17,1,47.2,40.4,6.800000000000004,0,0.6,10,PHI,GB,17,12,0,43.2,40.2,3.0,1,0.6,-82,-1,-1,4,3.8000000000000043,0.0
2025-11-13T20:15:00,11,NYJ,NE,23,45,-20.7,Few Clouds,35,9,66,406,26,76,79,470,26,76,1,11,NE,NYJ,45,23,1,46.2,30.2,16.000000000000004,1,1.0,11,NYJ,NE,23,45,0,36.0,40.2,-4.200000000000003,0,0.4,-64,0,0,-13,20.200000000000006,0.6
2025-11-16T09:30:00,11,WAS,MIA,22,27,-4.1,Light Rain,47,5,71,447,27,76,79,636,29,76,1,11,MIA,WAS,27,22,1,36.6,36.8,-0.19999999999999574,1,0.4,11,WAS,MIA,22,27,0,29.4,59.2,-29.800000000000004,0,0.0,-189,-2,0,-8,29.60000000000001,0.4
2025-11-16T13:00:00,11,CAR,ATL,50,45,-7.5,Clear Sky,51,5,71,469,27,76,73,507,27,76,0,11,ATL,CAR,45,50,1,30.6,40.6,-10.0,0,0.2,11,CAR,ATL,50,45,0,25.2,35.4,-10.2,1,0.6,-38,0,0,-2,0.1999999999999993,-0.39999999999999997
2025-11-16T13:00:00,11,TB,BUF,53,73,-10.8,Few Clouds,34,14,74,580,28,77,67,465,27,76,1,11,BUF,TB,73,53,1,38.0,35.6,2.3999999999999986,1,0.4,11,TB,BUF,53,73,0,40.8,36.6,4.199999999999996,0,0.6,115,1,1,7,-1.7999999999999972,-0.19999999999999996
2025-11-16T13:00:00,11,LAC,JAX,16,58,8.2,Clear Sky,63,4,64,443,27,76,68,472,27,76,1,11,JAX,LAC,58,16,1,36.2,49.0,-12.799999999999997,1,0.4,11,LAC,JAX,16,58,0,47.0,35.0,12.0,0,0.8,-29,0,0,-4,-24.799999999999997,-0.4
2025-11-16T13:00:00,11,CHI,MIN,31,28,-5.0,Overcast Clouds,33,3,65,440,27,76,68,484,27,77,0,11,MIN,CHI,28,31,1,32.8,44.0,-11.200000000000003,0,0.4,11,CHI,MIN,31,28,0,45.8,43.2,2.5999999999999943,1,0.8,-44,0,-1,-3,-13.799999999999997,-0.4
2025-11-16T13:00:00,11,GB,NYG,45,33,12.4,Few Clouds,40,14,79,543,27,76,72,395,26,76,0,11,NYG,GB,33,45,1,43.0,48.4,-5.399999999999999,0,0.2,11,GB,NYG,45,33,0,36.4,30.6,5.799999999999997,1,0.6,148,1,0,7,-11.199999999999996,-0.39999999999999997
2025-11-16T13:00:00,11,CIN,PIT,20,56,-9.1,Scattered Clouds,39,11,70,541,28,76,66,413,27,76,1,11,PIT,CIN,56,20,1,38.4,40.4,-2.0,1,0.4,11,CIN,PIT,20,56,0,51.6,60.0,-8.399999999999999,0,0.2,128,1,0,4,6.399999999999999,0.2
2025-11-16T13:00:00,11,HOU,TEN,27,22,15.1,Clear Sky,46,3,72,459,27,77,75,516,27,77,0,11,TEN,HOU,22,27,1,26.2,45.4,-19.2,0,0.2,11,HOU,TEN,27,22,0,46.4,33.0,13.399999999999999,1,0.6,-57,0,0,-3,-32.599999999999994,-0.39999999999999997
2025-11-16T16:05:00,11,SF,ARI,68,36,9.6,Clear Sky,61,6,83,534,27,77,69,532,28,76,0,11,ARI,SF,36,68,1,39.8,46.6,-6.800000000000004,0,0.2,11,SF,ARI,68,36,0,37.6,44.0,-6.399999999999999,1,0.4,2,-1,1,14,-0.4000000000000057,-0.2
2025-11-16T16:05:00,11,SEA,LAR,31,35,-5.8,Light Rain,58,4,63,417,27,76,67,410,26,76,1,11,LAR,SEA,35,31,1,50.0,24.6,25.4,1,0.8,11,SEA,LAR,31,35,0,54.4,34.6,19.799999999999997,0,0.8,7,1,0,-4,5.600000000000001,0.0
2025-11-16T16:25:00,11,BAL,CLE,38,27,12.4,Overcast Clouds,38,20,71,443,26,77,65,471,27,76,0,11,CLE,BAL,27,38,1,29.8,37.4,-7.599999999999998,0,0.2,11,BAL,CLE,38,27,0,33.2,35.0,-1.7999999999999972,1,0.6,-28,-1,1,6,-5.800000000000001,-0.39999999999999997
2025-11-16T16:25:00,11,KC,DEN,31,36,11.0,Broken Clouds,49,9,66,462,27,77,73,467,26,77,1,11,DEN,KC,36,31,1,39.4,29.6,9.799999999999997,1,1.0,11,KC,DEN,31,36,0,45.6,27.4,18.200000000000003,0,0.6,-5,1,0,-7,-8.400000000000006,0.4
2025-11-16T20:20:00,11,DET,PHI,15,27,-4.1,Scattered Clouds,42,11,68,477,27,77,76,545,27,77,1,11,PHI,DET,27,15,1,36.4,34.4,2.0,1,0.6,11,DET,PHI,15,27,0,48.4,37.2,11.199999999999996,0,0.6,-68,0,0,-8,-9.199999999999996,0.0
2025-11-17T20:15:00,11,DAL,LV,55,27,9.6,Overcast Clouds,56,4,68,433,27,76,69,445,26,75,0,11,LV,DAL,27,55,1,21.8,40.2,-18.400000000000002,0,0.2,11,DAL,LV,55,27,0,49.4,48.0,1.3999999999999986,1,0.4,-12,1,1,-1,-19.8,-0.2
2025-11-20T20:15:00,12,BUF,HOU,31,38,12.4,Broken Clouds,72,8,75,516,27,77,74,580,28,77,1,12,HOU,BUF,38,31,1,37.2,34.0,3.200000000000003,1,0.6,12,BUF,HOU,31,38,0,46.0,38.6,7.399999999999999,0,0.6,-64,-1,0,1,-4.199999999999996,0.0
2025-11-23T13:00:00,12,NYJ,BAL,17,38,-23.2,Clear Sky,44,8,65,471,27,76,79,470,26,76,1,12,BAL,NYJ,38,17,1,37.4,25.8,11.599999999999998,1,0.8,12,NYJ,BAL,17,38,0,33.4,37.0,-3.6000000000000014,0,0.4,1,1,0,-14,15.2,0.4
2025-11-23T13:00:00,12,PIT,CHI,46,51,-4.1,Clear Sky,39,5,68,484,27,77,70,541,28,76,1,12,CHI,PIT,51,46,1,43.8,40.8,3.0,1,0.8,12,PIT,CHI,46,51,0,42.0,41.4,0.6000000000000014,0,0.4,-57,-1,1,-2,2.3999999999999986,0.4
2025-11-23T13:00:00,12,NE,CIN,43,33,12.4,Clear Sky,39,2,66,413,27,76,66,406,26,76,0,12,CIN,NE,33,43,1,47.6,59.0,-11.399999999999999,0,0.2,12,NE,CIN,43,33,0,47.0,28.6,18.4,1,1.0,7,1,0,0,-29.799999999999997,-0.8
2025-11-23T13:00:00,12,NYG,DET,45,56,-23.2,Clear Sky,38,3,76,545,27,77,79,543,27,76,1,12,DET,NYG,56,45,1,39.2,34.6,4.600000000000001,1,0.4,12,NYG,DET,45,56,0,38.4,51.8,-13.399999999999999,0,0.0,2,0,1,-3,18.0,0.4
2025-11-23T13:00:00,12,MIN,GB,16,38,-10.8,Overcast Clouds,36,8,72,395,26,76,65,440,27,76,1,12,GB,MIN,38,16,1,36.4,31.2,5.199999999999999,1,0.6,12,MIN,GB,16,38,0,31.4,44.6,-13.200000000000003,0,0.2,-45,-1,0,7,18.400000000000002,0.39999999999999997
2025-11-23T13:00:00,12,IND,KC,33,38,-7.5,Scattered Clouds,47,5,73,467,26,77,73,490,27,77,1,12,KC,IND,38,33,1,42.6,24.4,18.200000000000003,1,0.6,12,IND,KC,33,38,0,52.2,38.8,13.400000000000006,0,0.8,-23,-1,0,0,4.799999999999997,-0.20000000000000007
2025-11-23T13:00:00,12,SEA,TEN,50,40,20.7,Clear Sky,49,3,72,459,27,77,67,410,26,76,0,12,TEN,SEA,40,50,1,23.4,43.8,-20.4,0,0.0,12,SEA,TEN,50,40,0,49.0,29.0,20.0,1,0.8,49,1,1,5,-40.4,-0.8
2025-11-23T16:05:00,12,JAX,ARI,45,40,5.5,Scattered Clouds,57,4,83,534,27,77,64,443,27,76,0,12,ARI,JAX,40,45,1,40.0,53.0,-13.0,0,0.2,12,JAX,ARI,45,40,0,37.6,43.0,-5.399999999999999,1,0.4,91,0,1,19,-7.600000000000001,-0.2
2025-11-23T16:05:00,12,CLE,LV,40,17,-5.8,Clear Sky,53,3,68,433,27,76,71,443,26,77,0,12,LV,CLE,17,40,1,24.0,38.0,-14.0,0,0.2,12,CLE,LV,40,17,0,29.6,38.0,-8.399999999999999,1,0.2,-10,1,-1,-3,-5.600000000000001,0.0
2025-11-23T16:25:00,12,PHI,DAL,35,40,8.2,Light Rain,59,6,69,445,26,75,68,477,27,77,1,12,DAL,PHI,40,35,1,48.2,46.2,2.0,1,0.4,12,PHI,DAL,35,40,0,36.2,30.4,5.800000000000004,0,0.8,-32,-1,-2,1,-3.8000000000000043,-0.4
2025-11-23T16:25:00,12,ATL,NO,40,17,-2.5,Clear Sky,62,4,71,456,27,76,71,469,27,76,0,12,NO,ATL,17,40,1,21.4,38.0,-16.6,0,0.2,12,ATL,NO,40,17,0,31.6,46.0,-14.399999999999999,1,0.0,-13,0,0,0,-2.200000000000003,0.2
2025-11-23T20:20:00,12,TB,LAR,12,56,-11.6,Clear Sky,55,3,63,417,27,76,67,465,27,76,1,12,LAR,TB,56,12,1,49.4,22.2,27.2,1,1.0,12,TB,LAR,12,56,0,38.8,39.6,-0.8000000000000043,0,0.4,-48,0,0,-4,28.000000000000004,0.6
2025-11-24T20:15:00,12,CAR,SF,15,33,-12.4,Clear Sky,50,1,69,532,28,76,73,507,27,76,1,12,SF,CAR,33,15,1,45.0,41.2,3.799999999999997,1,0.6,12,CAR,SF,15,33,0,25.2,35.4,-10.2,0,0.6,25,1,0,-4,13.999999999999996,0.0
2025-11-27T13:00:00,13,GB,DET,51,40,-5.0,Few Clouds,29,12,76,545,27,77,72,395,26,76,0,13,DET,GB,40,51,1,44.8,33.6,11.199999999999996,0,0.6,13,GB,DET,51,40,0,35.0,26.8,8.2,1,0.6,150,1,1,4,2.9999999999999964,0.0
2025-11-27T16:30:00,13,KC,DAL,46,51,9.6,Clear Sky,45,6,69,445,26,75,73,467,26,77,1,13,DAL,KC,51,46,1,47.2,43.2,4.0,1,0.6,13,KC,DAL,46,51,0,40.2,25.4,14.800000000000004,0,0.6,-22,0,-2,-4,-10.800000000000004,0.0
2025-11-27T20:20:00,13,CIN,BAL,53,23,-12.4,Few Clouds,35,13,65,471,27,76,66,413,27,76,0,13,BAL,CIN,23,53,1,43.4,23.6,19.799999999999997,0,1.0,13,CIN,BAL,53,23,0,48.2,58.6,-10.399999999999999,1,0.2,58,0,0,-1,30.199999999999996,0.8
2025-11-28T15:00:00,13,CHI,PHI,40,25,-11.6,Clear Sky,33,12,68,477,27,77,68,484,27,77,0,13,PHI,CHI,25,40,1,37.6,27.2,10.400000000000002,0,0.8,13,CHI,PHI,40,25,0,45.4,45.4,0.0,1,0.8,-7,0,0,0,10.400000000000002,0.0
2025-11-30T13:00:00,13,LAR,CAR,46,51,16.6,Overcast Clouds,42,8,73,507,27,76,63,417,27,76,1,13,CAR,LAR,51,46,1,23.8,38.8,-14.999999999999996,1,0.4,13,LAR,CAR,46,51,0,55.0,23.0,32.0,0,1.0,90,0,0,10,-47.0,-0.6
2025-11-30T13:00:00,13,SF,CLE,43,13,13.7,Light Snow,30,15,71,443,26,77,69,532,28,76,0,13,CLE,SF,13,43,1,34.6,33.8,0.8000000000000043,0,0.4,13,SF,CLE,43,13,0,45.0,40.8,4.200000000000003,1,0.6,-89,-2,1,2,-3.3999999999999986,-0.19999999999999996
2025-11-30T13:00:00,13,HOU,IND,33,27,-5.0,Broken Clouds,21,3,73,490,27,77,75,516,27,77,0,13,IND,HOU,27,33,1,48.6,37.4,11.200000000000003,0,0.6,13,HOU,IND,33,27,0,38.6,31.2,7.400000000000002,1,0.8,-26,0,0,-2,3.8000000000000007,-0.20000000000000007
2025-11-30T13:00:00,13,NO,MIA,28,35,-9.1,Clear Sky,72,6,71,447,27,76,71,456,27,76,1,13,MIA,NO,35,28,1,33.0,31.6,1.3999999999999986,1,0.6,13,NO,MIA,28,35,0,18.6,37.8,-19.199999999999996,0,0.2,-9,0,0,0,20.599999999999994,0.39999999999999997
2025-11-30T13:00:00,13,ATL,NYJ,40,45,8.2,Clear Sky,37,11,79,470,26,76,71,469,27,76,1,13,NYJ,ATL,45,40,1,33.2,40.2,-7.0,1,0.4,13,ATL,NYJ,40,45,0,36.2,42.8,-6.599999999999994,0,0.2,1,-1,0,8,-0.4000000000000057,0.2
2025-11-30T13:00:00,13,ARI,TB,28,33,-6.6,Clear Sky,64,7,67,465,27,76,83,534,27,77,1,13,TB,ARI,33,28,1,31.2,44.6,-13.400000000000002,1,0.2,13,ARI,TB,28,33,0,39.0,51.8,-12.799999999999997,0,0.2,-69,0,-1,-16,-0.600000000000005,0.0
2025-11-30T13:00:00,13,JAX,TEN,41,8,16.5,Few Clouds,29,8,72,459,27,77,64,443,27,76,0,13,TEN,JAX,8,41,1,28.0,47.2,-19.200000000000003,0,0.0,13,JAX,TEN,41,8,0,42.6,44.4,-1.7999999999999972,1,0.6,16,0,1,8,-17.400000000000006,-0.6
2025-11-30T16:05:00,13,MIN,SEA,0,43,-19.9,Clear Sky,37,2,67,410,26,76,65,440,27,76,1,13,SEA,MIN,43,0,1,52.4,33.0,19.4,1,0.8,13,MIN,SEA,0,43,0,27.4,43.0,-15.600000000000001,0,0.2,-30,-1,0,2,35.0,0.6000000000000001
2025-11-30T16:25:00,13,LV,LAC,23,51,-15.7,Clear Sky,55,5,68,472,27,76,68,433,27,76,1,13,LAC,LV,51,23,1,40.6,37.6,3.0,1,0.6,13,LV,LAC,23,51,0,20.8,42.6,-21.8,0,0.0,39,0,0,0,24.8,0.6
2025-11-30T16:25:00,13,BUF,PIT,43,12,8.2,Overcast Clouds,31,10,70,541,28,76,74,580,28,77,0,13,PIT,BUF,12,43,1,41.0,40.6,0.3999999999999986,0,0.4,13,BUF,PIT,43,12,0,47.6,38.2,9.399999999999999,1,0.6,-39,0,-1,-4,-9.0,-0.19999999999999996
2025-11-30T20:20:00,13,DEN,WAS,45,43,16.5,Clear Sky,37,11,79,636,29,76,66,462,27,77,0,13,WAS,DEN,43,45,1,25.8,56.4,-30.599999999999998,0,0.0,13,DEN,WAS,45,43,0,42.2,32.2,10.0,1,1.0,174,2,-1,13,-40.599999999999994,-1.0
2025-12-01T20:15:00,13,NYG,NE,25,55,-11.6,Broken Clouds,24,3,66,406,26,76,79,543,27,76,1,13,NE,NYG,55,25,1,45.4,30.8,14.599999999999998,1,1.0,13,NYG,NE,25,55,0,36.8,52.0,-15.200000000000003,0,0.0,-137,-1,0,-13,29.8,1.0
2025-12-04T20:15:00,14,DAL,DET,50,73,-5.8,Clear Sky,13,3,76,545,27,77,69,445,26,75,1,14,DET,DAL,73,50,1,44.8,40.8,4.0,1,0.4,14,DAL,DET,50,73,0,42.8,45.2,-2.4000000000000057,0,0.6,100,1,2,7,6.400000000000006,-0.19999999999999996
2025-12-07T13:00:00,14,SEA,ATL,61,15,10.8,Overcast Clouds,41,2,71,469,27,76,67,410,26,76,0,14,ATL,SEA,15,61,1,40.8,40.6,0.19999999999999574,0,0.2,14,SEA,ATL,61,15,0,52.0,26.8,25.2,1,0.8,59,1,0,4,-25.000000000000004,-0.6000000000000001
2025-12-07T13:00:00,14,PIT,BAL,45,36,-9.9,Broken Clouds,32,10,65,471,27,76,70,541,28,76,0,14,BAL,PIT,36,45,1,38.0,28.8,9.2,0,0.8,14,PIT,BAL,45,36,0,35.2,37.6,-2.3999999999999986,1,0.4,-70,-1,0,-5,11.599999999999998,0.4
2025-12-07T13:00:00,14,CIN,BUF,56,65,-9.9,Few Clouds,17,7,74,580,28,77,66,413,27,76,1,14,BUF,CIN,65,56,1,43.0,37.6,5.399999999999999,1,0.6,14,CIN,BUF,56,65,0,47.8,53.0,-5.200000000000003,0,0.2,167,1,1,8,10.600000000000001,0.39999999999999997
2025-12-07T13:00:00,14,TEN,CLE,51,48,-5.8,Overcast Clouds,27,17,71,443,26,77,72,459,27,77,0,14,CLE,TEN,48,51,1,27.0,39.2,-12.200000000000003,0,0.2,14,TEN,CLE,51,48,0,25.2,45.2,-20.000000000000004,1,0.0,-16,-1,0,-1,7.800000000000001,0.2
2025-12-07T13:00:00,14,IND,JAX,31,60,6.9,Light Rain,60,2,64,443,27,76,73,490,27,77,1,14,JAX,IND,60,31,1,48.4,34.4,14.0,1,0.8,14,IND,JAX,31,60,0,41.4,36.0,5.399999999999999,0,0.4,-47,0,-1,-9,8.600000000000001,0.4
2025-12-07T13:00:00,14,WAS,MIN,0,51,-1.7,Overcast Clouds,7,5,65,440,27,76,79,636,29,76,1,14,MIN,WAS,51,0,1,24.0,39.4,-15.399999999999999,1,0.2,14,WAS,MIN,0,51,0,27.2,50.8,-23.599999999999998,0,0.0,-196,-2,0,-14,8.2,0.2
2025-12-07T13:00:00,14,MIA,NYJ,56,17,6.9,Overcast Clouds,35,11,79,470,26,76,71,447,27,76,0,14,NYJ,MIA,17,56,1,39.0,43.8,-4.799999999999997,0,0.6,14,MIA,NYJ,56,17,0,36.8,27.0,9.799999999999997,1,0.8,23,-1,0,8,-14.599999999999994,-0.20000000000000007
2025-12-07T13:00:00,14,NO,TB,40,33,-12.4,Light Rain,63,10,67,465,27,76,71,456,27,76,0,14,TB,NO,33,40,1,34.8,42.2,-7.400000000000006,0,0.4,14,NO,TB,40,33,0,19.6,36.2,-16.6,1,0.2,9,0,0,-4,9.199999999999996,0.2
2025-12-07T16:05:00,14,DEN,LV,40,28,13.3,Clear Sky,52,0,68,433,27,76,66,462,27,77,0,14,LV,DEN,28,40,1,25.4,42.6,-17.200000000000003,0,0.0,14,DEN,LV,40,28,0,40.2,30.2,10.000000000000004,1,1.0,-29,0,-1,2,-27.200000000000006,-1.0
2025-12-07T16:25:00,14,LAR,ARI,75,28,15.7,Clear Sky,58,2,83,534,27,77,63,417,27,76,0,14,ARI,LAR,28,75,1,37.0,49.4,-12.399999999999999,0,0.2,14,LAR,ARI,75,28,0,52.6,30.8,21.8,1,0.8,117,0,1,20,-34.2,-0.6000000000000001
2025-12-07T16:25:00,14,CHI,GB,35,46,-11.6,Clear Sky,4,4,72,395,26,76,68,484,27,77,1,14,GB,CHI,46,35,1,33.6,26.6,7.0,1,0.6,14,CHI,GB,35,46,0,48.0,40.4,7.600000000000001,0,1.0,-89,-1,-1,4,-0.6000000000000014,-0.4
2025-12-07T20:20:00,14,HOU,KC,33,17,-8.3,Broken Clouds,24,5,73,467,26,77,75,516,27,77,0,14,KC,HOU,17,33,1,39.2,35.6,3.6000000000000014,0,0.4,14,HOU,KC,33,17,0,36.6,31.6,5.0,1,0.8,-49,-1,0,-2,-1.3999999999999986,-0.4
2025-12-08T20:15:00,14,PHI,LAC,31,36,2.7,Clear Sky,67,6,68,472,27,76,68,477,27,77,1,14,LAC,PHI,36,31,1,42.8,29.6,13.199999999999996,1,0.8,14,PHI,LAC,31,36,0,33.4,28.0,5.399999999999999,0,0.6,-5,0,-1,0,7.799999999999997,0.20000000000000007
2025-12-11T20:15:00,15,ATL,TB,48,46,-9.9,Clear Sky,51,5,67,465,27,76,71,469,27,76,0,15,TB,ATL,46,48,1,33.8,48.6,-14.800000000000004,0,0.2,15,ATL,TB,48,46,0,36.2,44.8,-8.599999999999994,1,0.2,-4,0,0,-4,-6.20000000000001,0.0
2025-12-14T13:00:00,15,CLE,CHI,8,51,-12.4,Broken Clouds,5,11,68,484,27,77,71,443,26,77,1,15,CHI,CLE,51,8,1,39.4,35.6,3.799999999999997,1,0.8,15,CLE,CHI,8,51,0,32.2,38.8,-6.599999999999994,0,0.2,41,1,0,-3,10.399999999999991,0.6000000000000001
2025-12-14T13:00:00,15,BAL,CIN,40,0,8.2,Clear Sky,5,4,66,413,27,76,65,471,27,76,0,15,CIN,BAL,0,40,1,46.4,53.0,-6.600000000000001,0,0.2,15,BAL,CIN,40,0,0,36.0,34.6,1.3999999999999986,1,0.6,-58,0,0,1,-8.0,-0.39999999999999997
2025-12-14T13:00:00,15,ARI,HOU,33,66,-16.6,Few Clouds,40,10,75,516,27,77,83,534,27,77,1,15,HOU,ARI,66,33,1,38.2,29.0,9.200000000000003,1,1.0,15,ARI,HOU,33,66,0,33.6,58.8,-25.199999999999996,0,0.0,-18,0,0,-8,34.4,1.0
2025-12-14T13:00:00,15,NYJ,JAX,33,80,-22.4,Clear Sky,47,13,64,443,27,76,79,470,26,76,1,15,JAX,NYJ,80,33,1,50.4,31.0,19.4,1,0.8,15,NYJ,JAX,33,80,0,29.4,42.4,-13.0,0,0.4,-27,1,0,-15,32.4,0.4
2025-12-14T13:00:00,15,LAC,KC,27,22,-9.9,Clear Sky,19,11,73,467,26,77,68,472,27,76,0,15,KC,LAC,22,27,1,33.4,39.8,-6.399999999999999,0,0.2,15,LAC,KC,27,22,0,37.8,32.4,5.399999999999999,1,0.8,-5,-1,1,5,-11.799999999999997,-0.6000000000000001
2025-12-14T13:00:00,15,BUF,NE,58,51,6.9,Scattered Clouds,16,12,66,406,26,76,74,580,28,77,0,15,NE,BUF,51,58,1,45.8,31.4,14.399999999999999,0,1.0,15,BUF,NE,58,51,0,46.8,41.8,5.0,1,0.6,-174,-2,-1,-8,9.399999999999999,0.4
2025-12-14T13:00:00,15,WAS,NYG,48,35,-5.0,Clear Sky,18,14,79,543,27,76,79,636,29,76,0,15,NYG,WAS,35,48,1,35.2,50.4,-15.199999999999996,0,0.0,15,WAS,NYG,48,35,0,24.8,51.8,-26.999999999999996,1,0.0,-93,-2,0,0,11.8,0.0
2025-12-14T13:00:00,15,LV,PHI,0,51,-20.7,Scattered Clouds,18,14,68,477,27,77,68,433,27,76,1,15,PHI,LV,51,0,1,27.0,28.6,-1.6000000000000014,1,0.4,15,LV,PHI,0,51,0,21.4,40.6,-19.200000000000003,0,0.0,44,0,1,0,17.6,0.4
2025-12-14T16:25:00,15,GB,DEN,43,56,4.1,Clear Sky,38,6,66,462,27,77,72,395,26,76,1,15,DEN,GB,56,43,1,33.6,27.8,5.800000000000001,1,1.0,15,GB,DEN,43,56,0,38.4,28.2,10.2,0,0.8,67,1,1,-6,-4.399999999999999,0.19999999999999996
2025-12-14T16:25:00,15,DET,LAR,56,68,-9.1,Broken Clouds,59,3,63,417,27,76,76,545,27,77,1,15,LAR,DET,68,56,1,56.4,33.0,23.4,1,0.8,15,DET,LAR,56,68,0,51.4,41.8,9.600000000000001,0,0.6,-128,0,-1,-13,13.799999999999997,0.20000000000000007
2025-12-14T16:25:00,15,CAR,NO,28,33,6.9,Clear Sky,34,14,71,456,27,76,73,507,27,76,1,15,NO,CAR,33,28,1,26.0,35.2,-9.200000000000003,1,0.4,15,CAR,NO,28,33,0,31.0,34.8,-3.799999999999997,0,0.6,-51,0,0,-2,-5.400000000000006,-0.19999999999999996
2025-12-14T16:25:00,15,IND,SEA,27,30,-22.4,Light Rain,50,5,67,410,26,76,73,490,27,77,1,15,SEA,IND,30,27,1,51.6,25.2,26.400000000000002,1,0.8,15,IND,SEA,27,30,0,35.0,43.4,-8.399999999999999,0,0.2,-80,-1,-1,-6,34.8,0.6000000000000001
2025-12-14T16:25:00,15,TEN,SF,40,61,-20.7,Scattered Clouds,47,2,69,532,28,76,72,459,27,77,1,15,SF,TEN,61,40,1,48.6,34.8,13.800000000000004,1,0.8,15,TEN,SF,40,61,0,30.8,42.2,-11.400000000000002,0,0.2,73,1,-1,-3,25.200000000000006,0.6000000000000001
2025-12-14T20:20:00,15,MIN,DAL,56,43,-8.3,Clear Sky,33,5,69,445,26,75,65,440,27,76,0,15,DAL,MIN,43,56,1,44.8,45.2,-0.4000000000000057,0,0.6,15,MIN,DAL,56,43,0,25.2,31.4,-6.199999999999999,1,0.2,5,-1,-1,4,5.799999999999994,0.39999999999999997
2025-12-15T20:15:00,15,MIA,PIT,25,46,-5.8,Broken Clouds,19,6,70,541,28,76,71,447,27,76,1,15,PIT,MIA,46,25,1,35.2,38.2,-3.0,1,0.4,15,MIA,PIT,25,46,0,36.8,27.0,9.799999999999997,0,0.8,94,1,0,-1,-12.799999999999997,-0.4
2025-12-18T20:15:00,16,LAR,SEA,61,63,-2.5,Light Rain,45,12,67,410,26,76,63,417,27,76,1,16,SEA,LAR,63,61,1,43.0,23.4,19.6,1,0.8,16,LAR,SEA,61,63,0,56.0,35.6,20.4,0,0.8,-7,-1,0,4,-0.7999999999999972,0.0
2025-12-20T17:00:00,16,PHI,WAS,48,30,11.6,Clear Sky,40,11,79,636,29,76,68,477,27,77,0,16,WAS,PHI,30,48,1,29.8,46.2,-16.400000000000002,0,0.2,16,PHI,WAS,48,30,0,33.8,26.2,7.599999999999998,1,0.4,159,2,-1,11,-24.0,-0.2
2025-12-20T20:20:00,16,GB,CHI,27,36,-2.5,Clear Sky,27,15,68,484,27,77,72,395,26,76,1,16,CHI,GB,36,27,1,41.6,30.6,11.0,1,0.8,16,GB,CHI,27,36,0,44.6,36.0,8.600000000000001,0,0.8,89,1,1,-4,2.3999999999999986,0.0
2025-12-21T13:00:00,16,TB,CAR,33,38,8.2,Clear Sky,37,6,73,507,27,76,67,465,27,76,1,16,CAR,TB,38,33,1,31.2,37.0,-5.800000000000001,1,0.4,16,TB,CAR,33,38,0,35.4,49.0,-13.600000000000001,0,0.2,42,0,0,6,7.800000000000001,0.2
2025-12-21T13:00:00,16,BUF,CLE,38,33,17.4,Clear Sky,23,7,71,443,26,77,74,580,28,77,0,16,CLE,BUF,33,38,1,27.2,40.0,-12.8,0,0.2,16,BUF,CLE,38,33,0,54.0,42.0,12.0,1,0.8,-137,-2,0,-3,-24.8,-0.6000000000000001
2025-12-21T13:00:00,16,LAC,DAL,56,28,-1.7,Overcast Clouds,57,6,69,445,26,75,68,472,27,76,0,16,DAL,LAC,28,56,1,47.8,47.4,0.3999999999999986,0,0.6,16,LAC,DAL,56,28,0,34.2,30.2,4.0000000000000036,1,0.8,-27,-1,-1,1,-3.600000000000005,-0.20000000000000007
2025-12-21T13:00:00,16,CIN,MIA,75,35,9.6,Light Rain,69,12,71,447,27,76,66,413,27,76,0,16,MIA,CIN,35,75,1,38.6,27.0,11.600000000000001,0,0.8,16,CIN,MIA,75,35,0,32.4,45.4,-13.0,1,0.2,34,0,0,5,24.6,0.6000000000000001
2025-12-21T13:00:00,16,NYJ,NO,16,48,-10.8,Light Rain,66,5,71,456,27,76,79,470,26,76,1,16,NO,NYJ,48,16,1,29.2,29.6,-0.40000000000000213,1,0.6,16,NYJ,NO,16,48,0,27.0,51.8,-24.799999999999997,0,0.2,-14,1,0,-8,24.399999999999995,0.39999999999999997
2025-12-21T13:00:00,16,MIN,NYG,27,22,6.9,Clear Sky,28,11,79,543,27,76,65,440,27,76,0,16,NYG,MIN,22,27,1,34.2,48.8,-14.599999999999994,0,0.0,16,MIN,NYG,27,22,0,30.2,31.0,-0.8000000000000007,1,0.4,103,0,0,14,-13.799999999999994,-0.4
2025-12-21T13:00:00,16,KC,TEN,15,43,8.2,Clear Sky,39,5,72,459,27,77,73,467,26,77,1,16,TEN,KC,43,15,1,32.2,45.4,-13.199999999999996,1,0.2,16,KC,TEN,15,43,0,30.8,36.0,-5.199999999999999,0,0.2,-8,1,0,-1,-7.9999999999999964,0.0
2025-12-21T16:05:00,16,ATL,ARI,43,31,6.9,Clear Sky,64,3,83,534,27,77,71,469,27,76,0,16,ARI,ATL,31,43,1,33.0,57.4,-24.4,0,0.0,16,ATL,ARI,43,31,0,37.6,43.8,-6.199999999999996,1,0.4,65,0,1,12,-18.200000000000003,-0.4
2025-12-21T16:05:00,16,JAX,DEN,56,33,-5.8,Broken Clouds,47,5,66,462,27,77,64,443,27,76,0,16,DEN,JAX,33,56,1,38.8,31.4,7.399999999999999,0,1.0,16,JAX,DEN,56,33,0,56.8,25.6,31.199999999999996,1,1.0,19,0,1,2,-23.799999999999997,0.0
2025-12-21T16:25:00,16,PIT,DET,48,40,-12.4,Clear Sky,24,4,76,545,27,77,70,541,28,76,0,16,DET,PIT,40,48,1,48.0,48.2,-0.20000000000000284,0,0.4,16,PIT,DET,48,40,0,41.0,35.0,6.0,1,0.6,4,-1,1,6,-6.200000000000003,-0.19999999999999996
2025-12-21T16:25:00,16,LV,HOU,35,38,-23.2,Overcast Clouds,69,4,75,516,27,77,68,433,27,76,1,16,HOU,LV,38,35,1,39.4,26.0,13.399999999999999,1,1.0,16,LV,HOU,35,38,0,19.0,47.4,-28.4,0,0.0,83,0,1,7,41.8,1.0
2025-12-21T20:20:00,16,NE,BAL,46,40,-5.8,Clear Sky,32,9,65,471,27,76,66,406,26,76,0,16,BAL,NE,40,46,1,35.0,28.4,6.600000000000001,0,0.6,16,NE,BAL,46,40,0,48.0,35.4,12.600000000000001,1,0.8,65,1,0,-1,-6.0,-0.20000000000000007
2025-12-22T20:15:00,16,SF,IND,80,45,11.0,Light Rain,46,8,73,490,27,77,69,532,28,76,0,16,IND,SF,45,80,1,33.8,40.4,-6.600000000000001,0,0.2,16,SF,IND,80,45,0,49.6,34.8,14.800000000000004,1,0.8,-42,-1,1,4,-21.400000000000006,-0.6000000000000001
2025-12-25T13:00:00,17,DAL,WAS,50,38,15.7,Clear Sky,38,8,79,636,29,76,69,445,26,75,0,17,WAS,DAL,38,50,1,28.6,41.2,-12.600000000000001,0,0.2,17,DAL,WAS,50,38,0,42.4,53.2,-10.800000000000004,1,0.4,191,3,1,10,-1.7999999999999972,-0.2
2025-12-25T16:30:00,17,DET,MIN,17,38,12.4,Overcast Clouds,34,8,65,440,27,76,76,545,27,77,1,17,MIN,DET,38,17,1,30.0,29.2,0.8000000000000007,1,0.6,17,DET,MIN,17,38,0,53.0,52.4,0.6000000000000014,0,0.4,-105,0,-1,-11,0.1999999999999993,0.19999999999999996
2025-12-25T20:15:00,17,DEN,KC,33,22,22.4,Clear Sky,56,10,73,467,26,77,66,462,27,77,0,17,KC,DEN,22,33,1,27.6,37.4,-9.799999999999997,0,0.2,17,DEN,KC,33,22,0,42.0,40.2,1.7999999999999972,1,0.8,5,-1,0,7,-11.599999999999994,-0.6000000000000001
2025-12-27T16:30:00,17,HOU,LAC,33,27,-1.7,Clear Sky,53,4,68,472,27,76,75,516,27,77,0,17,LAC,HOU,27,33,1,37.2,32.4,4.800000000000004,0,0.8,17,HOU,LAC,33,27,0,41.6,28.6,13.0,1,1.0,-44,0,-1,-7,-8.199999999999996,-0.19999999999999996
2025-12-27T20:00:00,17,BAL,GB,68,40,-4.1,Overcast Clouds,37,8,72,395,26,76,65,471,27,76,0,17,GB,BAL,40,68,1,41.0,36.6,4.399999999999999,0,0.6,17,BAL,GB,68,40,0,35.4,32.2,3.1999999999999957,1,0.4,-76,-1,0,7,1.2000000000000028,0.19999999999999996
2025-12-28T13:00:00,17,SEA,CAR,45,17,10.8,Overcast Clouds,46,9,73,507,27,76,67,410,26,76,0,17,CAR,SEA,17,45,1,36.4,38.0,-1.6000000000000014,0,0.6,17,SEA,CAR,45,17,0,49.4,28.6,20.799999999999997,1,1.0,97,1,0,6,-22.4,-0.4
2025-12-28T13:00:00,17,ARI,CIN,23,61,-11.6,Moderate Rain,48,16,66,413,27,76,83,534,27,77,1,17,CIN,ARI,61,23,1,43.4,41.2,2.1999999999999957,1,0.4,17,ARI,CIN,23,61,0,32.0,52.4,-20.4,0,0.0,-121,0,-1,-17,22.599999999999994,0.4
2025-12-28T13:00:00,17,PIT,CLE,16,22,11.0,Moderate Rain,61,23,71,443,26,77,70,541,28,76,1,17,CLE,PIT,22,16,1,28.4,40.0,-11.600000000000001,1,0.2,17,PIT,CLE,16,22,0,39.4,39.0,0.3999999999999986,0,0.6,-98,-2,1,1,-12.0,-0.39999999999999997
2025-12-28T13:00:00,17,JAX,IND,38,28,12.4,Overcast Clouds,36,20,73,490,27,77,64,443,27,76,0,17,IND,JAX,28,38,1,32.6,48.2,-15.600000000000001,0,0.0,17,JAX,IND,38,28,0,56.4,29.0,27.4,1,1.0,47,0,1,9,-43.0,-1.0
2025-12-28T13:00:00,17,TB,MIA,28,33,15.1,Clear Sky,63,4,71,447,27,76,67,465,27,76,1,17,MIA,TB,33,28,1,35.6,37.6,-2.0,1,0.6,17,TB,MIA,28,33,0,31.4,42.0,-10.600000000000001,0,0.2,-18,0,0,4,8.600000000000001,0.39999999999999997
2025-12-28T13:00:00,17,NE,NYJ,70,17,21.5,Light Rain,34,7,79,470,26,76,66,406,26,76,0,17,NYJ,NE,17,70,1,25.6,52.4,-26.799999999999997,0,0.2,17,NE,NYJ,70,17,0,48.0,35.8,12.200000000000003,1,0.8,64,0,0,13,-39.0,-0.6000000000000001
2025-12-28T13:00:00,17,NO,TEN,56,43,2.7,Light Rain,54,14,72,459,27,77,71,456,27,76,0,17,TEN,NO,43,56,1,36.4,43.0,-6.600000000000001,0,0.4,17,NO,TEN,56,43,0,33.2,30.4,2.8000000000000043,1,0.6,3,0,1,1,-9.400000000000006,-0.19999999999999996
2025-12-28T16:05:00,17,NYG,LV,56,17,8.2,Clear Sky,47,6,68,433,27,76,79,543,27,76,0,17,LV,NYG,17,56,1,20.6,44.0,-23.4,0,0.0,17,NYG,LV,56,17,0,32.0,46.2,-14.200000000000003,1,0.0,-110,0,0,-11,-9.199999999999996,0.0
2025-12-28T16:25:00,17,PHI,BUF,22,20,-5.0,Light Rain,55,25,74,580,28,77,68,477,27,77,0,17,BUF,PHI,20,22,1,47.0,38.0,9.0,0,0.8,17,PHI,BUF,22,20,0,38.0,29.2,8.8,1,0.4,103,1,0,6,0.1999999999999993,0.4
2025-12-28T20:20:00,17,CHI,SF,63,70,-5.8,Clear Sky,48,1,69,532,28,76,68,484,27,77,1,17,SF,CHI,70,63,1,57.0,29.8,27.2,1,1.0,17,CHI,SF,63,70,0,42.6,30.4,12.200000000000003,0,0.8,48,1,-1,1,14.999999999999996,0.19999999999999996
2025-12-29T20:15:00,17,LAR,ATL,40,45,12.4,Clear Sky,29,15,71,469,27,76,63,417,27,76,1,17,ATL,LAR,45,40,1,37.2,40.0,-2.799999999999997,1,0.6,17,LAR,ATL,40,45,0,61.2,42.0,19.200000000000003,0,0.6,52,0,0,8,-22.0,0.0
2026-01-03T16:30:00,18,CAR,TB,23,27,-5.0,Overcast Clouds,61,6,67,465,27,76,73,507,27,76,1,18,TB,CAR,27,23,1,34.6,37.4,-2.799999999999997,1,0.2,18,CAR,TB,23,27,0,29.8,38.0,-8.2,0,0.4,-42,0,0,-6,5.400000000000002,-0.2
2026-01-03T20:00:00,18,SEA,SF,22,8,6.9,Broken Clouds,56,8,69,532,28,76,67,410,26,76,0,18,SF,SEA,8,22,1,57.4,35.2,22.199999999999996,0,1.0,18,SEA,SF,22,8,0,48.4,24.0,24.4,1,1.0,122,2,0,2,-2.200000000000003,0.0
2026-01-04T13:00:00,18,NO,ATL,28,31,-7.5,Clear Sky,48,2,71,469,27,76,71,456,27,76,1,18,ATL,NO,31,28,1,38.2,44.6,-6.399999999999999,1,0.6,18,NO,ATL,28,31,0,41.0,31.0,10.0,0,0.8,13,0,0,0,-16.4,-0.20000000000000007
2026-01-04T13:00:00,18,CLE,CIN,33,30,-15.7,Broken Clouds,31,4,66,413,27,76,71,443,26,77,0,18,CIN,CLE,30,33,1,49.0,37.2,11.799999999999997,0,0.6,18,CLE,CIN,33,30,0,24.8,39.8,-14.999999999999996,1,0.2,-30,1,-1,-5,26.799999999999994,0.39999999999999997
2026-01-04T13:00:00,18,IND,HOU,50,63,-15.7,Clear Sky,53,5,75,516,27,77,73,490,27,77,1,18,HOU,IND,63,50,1,40.6,27.8,12.8,1,1.0,18,IND,HOU,50,63,0,31.6,48.2,-16.6,0,0.0,26,0,0,2,29.400000000000002,1.0
2026-01-04T13:00:00,18,TEN,JAX,12,68,-22.4,Overcast Clouds,52,5,64,443,27,76,72,459,27,77,1,18,JAX,TEN,68,12,1,55.0,26.6,28.4,1,1.0,18,TEN,JAX,12,68,0,37.0,44.2,-7.200000000000003,0,0.4,-16,0,-1,-8,35.6,0.6
2026-01-04T13:00:00,18,GB,MIN,8,27,-20.7,Overcast Clouds,29,4,65,440,27,76,72,395,26,76,1,18,MIN,GB,27,8,1,34.4,25.0,9.399999999999999,1,0.8,18,GB,MIN,8,27,0,41.4,47.0,-5.600000000000001,0,0.4,45,1,0,-7,15.0,0.4
2026-01-04T13:00:00,18,DAL,NYG,28,56,8.2,Overcast Clouds,28,7,79,543,27,76,69,445,26,75,1,18,NYG,DAL,56,28,1,36.6,40.6,-4.0,1,0.2,18,DAL,NYG,28,56,0,44.4,53.8,-9.399999999999999,0,0.4,98,1,1,10,5.399999999999999,-0.2
2026-01-04T16:25:00,18,NYJ,BUF,13,58,-21.5,Overcast Clouds,17,4,74,580,28,77,79,470,26,76,1,18,BUF,NYJ,58,13,1,44.8,34.8,10.0,1,0.8,18,NYJ,BUF,13,58,0,25.6,58.8,-33.199999999999996,0,0.2,110,2,1,-5,43.199999999999996,0.6000000000000001
2026-01-04T16:25:00,18,DET,CHI,31,27,-5.8,Overcast Clouds,34,13,68,484,27,77,76,545,27,77,0,18,CHI,DET,27,31,1,45.0,35.2,9.799999999999997,0,0.6,18,DET,CHI,31,27,0,45.2,51.0,-5.799999999999997,1,0.2,-61,0,0,-8,15.599999999999994,0.39999999999999997
2026-01-04T16:25:00,18,LAC,DEN,8,31,-25.7,Overcast Clouds,45,3,66,462,27,77,68,472,27,76,1,18,DEN,LAC,31,8,1,41.4,38.4,3.0,1,0.8,18,LAC,DEN,8,31,0,39.4,27.4,12.0,0,0.8,-10,0,1,-2,-9.0,0.0
2026-01-04T16:25:00,18,ARI,LAR,33,61,-23.2,Light Rain,56,1,63,417,27,76,83,534,27,77,1,18,LAR,ARI,61,33,1,58.0,48.6,9.399999999999999,1,0.4,18,ARI,LAR,33,61,0,28.6,55.6,-27.0,0,0.0,-117,0,-1,-20,36.4,0.4
2026-01-04T16:25:00,18,KC,LV,20,23,9.6,Overcast Clouds,52,11,68,433,27,76,73,467,26,77,1,18,LV,KC,23,20,1,20.6,47.2,-26.6,1,0.0,18,KC,LV,20,23,0,24.4,37.4,-13.0,0,0.0,-34,1,-1,-5,-13.600000000000001,0.0
2026-01-04T16:25:00,18,MIA,NE,17,63,-24.0,Overcast Clouds,20,7,66,406,26,76,71,447,27,76,1,18,NE,MIA,63,17,1,53.0,34.6,18.4,1,0.8,18,MIA,NE,17,63,0,36.8,38.8,-2.0,0,0.6,-41,-1,0,-5,20.4,0.20000000000000007
2026-01-04T16:25:00,18,WAS,PHI,40,28,-5.8,Broken Clouds,27,4,68,477,27,77,79,636,29,76,0,18,PHI,WAS,28,40,1,35.4,25.2,10.2,0,0.6,18,WAS,PHI,40,28,0,31.8,45.8,-13.999999999999996,1,0.2,-159,-2,1,-11,24.199999999999996,0.39999999999999997
2026-01-04T20:20:00,18,BAL,PIT,40,43,12.4,Clear Sky,22,3,70,541,28,76,65,471,27,76,1,18,PIT,BAL,43,40,1,33.4,33.2,0.19999999999999574,1,0.6,18,BAL,PIT,40,43,0,41.4,36.8,4.600000000000001,0,0.4,70,1,0,5,-4.400000000000006,0.19999999999999996
